{"cameraMode":{"drawMode":0,"name":"Shaded","section":"Shading Mode"},"sceneLighting":true,"audioPlay":false,"sceneViewState":{"showFog":true,"showMaterialUpdate":false,"showSkybox":true,"showFlares":true,"showImageEffects":true,"showParticleSystems":true,"showVisualEffectGraphs":true,"m_FxEnabled":true},"in2DMode":false,"pivot":{"x":-3.105701446533203,"y":8.900227546691895,"z":13.501498222351075},"rotation":{"x":-0.0671255886554718,"y":0.026643969118595125,"z":-0.001793369185179472,"w":-0.9973869919776917},"size":0.8660253882408142,"orthographic":false}